counties,receiving_water_reach,waterbody_type,WB_REFKEY
Orange,Agua Chinon Wash,River / Stream,G8S002500000000
Orange,Anaheim Bay - Outer Bay,Bay / Estuary / Coastal,G8S000500000000
Orange,Anaheim Bay - Seal Beach National Wildlife Refuge,Bay / Estuary / Coastal,G8S000600000000
Orange,Anaheim Lake,Lake / Reservoir,G8S010100000000
Orange,Big Canyon Creek,River / Stream,G8S013200000000
Orange,Black Star,Other,G8S002200000000
Orange,Bolsa Bay,Bay / Estuary / Coastal,G8S000800000000
Orange,Bolsa Chica Ecological Reserve,Other Surface Water,G8S000900000000
Orange,Buck Gully Creek,River / Stream,G8S013600000000
Orange,Carbon Creek,River / Stream,G8S013000000000
Orange,Coyote Creek (San Gabriel River Estuary to La Canada Verde Creek),River / Stream,B4L0221510E8078
Orange,Greenville Banning Channel Reach 1- Inflatable Diversion Dam to California Street,River / Stream,G8S014400000000
Orange,Huntington Beach Wetlands,Bay / Estuary / Coastal,G8S001300000000
Orange,Irvine Lake (Santiago Reservoir),Lake / Reservoir,G8S010200000000
Orange,Laguna Canyon,Other,G9S000500000000
Orange,Los Cerritos Wetlands,Bay / Estuary / Coastal,G8S000400000000
Orange,Los Trancos Creek,River / Stream,G8S013500000000
Orange,Lower Newport Bay,Bay / Estuary / Coastal,G8S001000000000
Orange,Morning Canyon Creek,River / Stream,G8S013300000000
Orange,Muddy Canyon Creek,River / Stream,G8S013400000000
Orange,Newport Slough,Bay / Estuary / Coastal,G8S012600000000
Orange,Peters Canyon Reservoir,Lake / Reservoir,G8S010300000000
Orange,Poppy Street to Southeast Regional Boundary (Nearshore Zone),Bay / Estuary / Coastal,G8S000200000000
Orange,San Diego Creek Reach 1 - below Jeffrey Road,River / Stream,B8S0024510BC6B1
Orange,San Diego Creek Reach 2 - above Jeffrey Road to Headwaters,River / Stream,B8S0024510BC6B2
Orange,San Gabriel River to Poppy Street in Corona Del Mar (Nearshore Zone),Bay / Estuary / Coastal,G8S000100000000
Orange,San Joaquin Freshwater Marsh,Bay / Estuary / Coastal,G8S011000000000
Orange,Santa Ana River Reach 1 - Tidal Prism to 17th Street in Santa Ana,Bay / Estuary / Coastal,B8S0014510BC6A9
Orange,Santa Ana River Salt Marsh,Bay / Estuary / Coastal,G8S001200000000
Orange,Santa Ana-Delhi Channel Reach 1 - upper bound. of Tidal Prism to intersect. of Sunflower Ave./Flower St.,Bay / Estuary / Coastal,G8S014700000000
Orange,Santa Ana-Delhi Channel Reach 2 - Sunflower Ave./Flower St. intersection Warner Avenue,River / Stream,G8S014800000000
Orange,"Santiago Creek Reach 2 - Irvine Lake (see Lakes, pg. 3-xx",River / Stream,B8S0020510BC6AC
Orange,Santiago Creek Reach 3 - Irvine Lake to Modjeska Canyon,River / Stream,B8S0020510BC6AE
Orange,Santiago Creek Reach 4 - in Modjeska Canyon,River / Stream,B8S0020510BC6AF
Orange,Sunset Bay - Huntington Harbor,Bay / Estuary / Coastal,G8S000700000000
Orange,Tidal Prism of Greenville-Banning Channel - Santa Ana River Confluence to Inflatable Diversion Dam,Bay / Estuary / Coastal,G8S014500000000
Orange,Tidal Prism of San Gabriel River - River Mouth to Marina Drive,Bay / Estuary / Coastal,B8S0015510BC89B
Orange,Tidal Prism of Santa Ana River (to within 1000’ of Victoria Street) and Newport Slough,Bay / Estuary / Coastal,B8S0014510BC6A3
Orange,Tidal Prism of Santa Ana-Delhi Channel - Bicycle Bridge at University Dr. at Upper Newport Bay to 1036 ft. upstream,Bay / Estuary / Coastal,G8S014600000000
Orange,Upper Newport Bay,Bay / Estuary / Coastal,G8S001100000000
Orange,Waters Between Nearshore Zone and Limit of State Waters (Offshore Zone),Bay / Estuary / Coastal,G8S000300000000
Orange; Riverside,Ladd Creek,River / Stream,G8S002300000000
Orange; Riverside,Other Tributaries to these Creeks,River / Stream,G8S008300000000
Orange; Riverside,Santiago Creek Reach 1 - below Irvine Lake,River / Stream,B8S0020510BC6AB
Orange; Riverside,Silverado Creek,River / Stream,G8S002100000000
Orange; Riverside,Temescal Creek Reach 4 - Lee Lake to Mid-Section Line of Section 17 (downstream end of freeway cut),River / Stream,B8S0079510BC6F3
Orange; Riverside; San Bernardino,Aliso Creek,River / Stream,G8S001800000000
Orange; Riverside; San Bernardino,Santa Ana River Reach 2 - 17th Street in Santa Ana to Prado Dam,River / Stream,B8S0014510BC6AA
Orange; San Bernardino,Carbon Canyon Creek,River / Stream,G8S001900000000
Orange; San Bernardino,Coyote Creek (within Santa Ana Regional boundary),River / Stream,G8S002600000000
Riverside,Anza Park Drain,River / Stream,G8S007500000000
Riverside,Bautista Creek - Headwaters to Debris Dam,River / Stream,B8S0085510BC701
Riverside,Bedford Canyon Creek,River / Stream,G8S008100000000
Riverside,Black Mountain Creek,River / Stream,G8S008900000000
Riverside,Cactus Valley Creek,River / Stream,G8S009100000000
Riverside,Canyon Lake (Railroad Canyon Reservoir),Lake / Reservoir,G8S010400000000
Riverside,Coldwater Canyon Creek,River / Stream,G8S008000000000
Riverside,Dawson Canyon Creek,River / Stream,G8S008200000000
Riverside,"Elsinore, Lake",Lake / Reservoir,G8S010500000000
Riverside,"Evans, Lake",Lake / Reservoir,G8S009500000000
Riverside,Fuller Mill Creek,River / Stream,G8S008700000000
Riverside,"Fulmore, Lake",Lake / Reservoir,G8S010600000000
Riverside,Goldenstar Creek,River / Stream,G8S014000000000
Riverside,"Hemet, Lake",Lake / Reservoir,G8S010700000000
Riverside,Lee Lake,Lake / Reservoir,G8S009700000000
Riverside,"Mathews, Lake",Lake / Reservoir,G8S009800000000
Riverside,Mockingbird Reservoir,Lake / Reservoir,G8S009900000000
Riverside,Mystic Lake,Lake / Reservoir,G8S010800000000
Riverside,"Norconian, Lake",Lake / Reservoir,G8S010000000000
Riverside,"Perris, Lake",Lake / Reservoir,G8S010900000000
Riverside,Salt Creek,River / Stream,G8S009000000000
Riverside,San Jacinto River Reach 1 - Lake Elsinore to Canyon Lake,River / Stream,B8S0084510BC6F8
Riverside,San Jacinto River Reach 3 - Canyon Lake to Nuevo Road,River / Stream,B8S0084510BC6F9
Riverside,"San Jacinto River Reach 4 - Nuevo Road to North-South Mid-Section Line, T4S/R1W-S8",River / Stream,B8S0084510BC6FB
Riverside,"San Jacinto River Reach 5 - North-South Mid-Section Line, T4S/R1 W-S8, to Confl. With Poppet Creek",River / Stream,B8S0084510BC6FC
Riverside,San Jacinto River Reach 6 - Poppet Creek to Cranston Bridge,River / Stream,B8S0084510BC6FE
Riverside,San Jacinto River Reach 7 - Cranston Bridge to Lake Hemet,River / Stream,B8S0084510BC6FF
Riverside,"San Jacinto River, North Fork",River / Stream,G8S008600000000
Riverside,San Jacinto Wildlife Preserve,Other Surface Water,G8S011400000000
Riverside,Santa Ana River Reach 3 - Prado Dam to Mission Blvd. in Riverside,River / Stream,B8S0014510BC6BA
Riverside,Stone Creek,River / Stream,G8S008800000000
Riverside,Sunnyslope Channel,River / Stream,G8S007600000000
Riverside,Temescal Creek Reach 1A - Lincoln Ave. to Arlington Channel confluence,River / Stream,G8S014900000000
Riverside,Temescal Creek Reach 1B - Arlington Channel confluence to 1400 ft. upstream of Magnolia Ave.,River / Stream,G8S015000000000
Riverside,Temescal Creek Reach 2 -1400 ft. upstream of Magnolia Ave. to Lee Lake,River / Stream,B8S0079510BC6F2
Riverside,Temescal Creek Reach 5 - Mid-section line of Section 17 (downstream end of freeway cut) to Elsinore Ground-water Subbasin Boundary,River / Stream,B8S0079510BC6F5
Riverside,Temescal Creek Reach 6 - Elsinore Groundwater Subbasin Boundary to Lake Elsinore Outlet,River / Stream,B8S0079510BC6F6
Riverside,Tequesquite Arroyo (Sycamore Creek),River / Stream,G8S007700000000
Riverside; San Bernardino,Chino Creek Reach 1A - Santa Ana River confl. to downstream of confl. with Mill Creek (Prado Area),River / Stream,B8S0078510BC6E5
Riverside; San Bernardino,Chino Creek Reach 1B - Confl. with Mill Creek (Prado Area) to beg. of concrete-lined channel south of Los Serranos Rd.,River / Stream,B8S0078510BC6E8
Riverside; San Bernardino,Cucamonga Creek Reach 1 - Confluence with Mill Creek to 23rd St. in Upland,River / Stream,G8S015100000000
Riverside; San Bernardino,Day Canyon Creek (Valley Reach),River / Stream,B8S0122525E9348
Riverside; San Bernardino,Little San Gorgonio Creek,River / Stream,G8S007300000000
Riverside; San Bernardino,Mill Creek (Prado Area),River / Stream,G8S006900000000
Riverside; San Bernardino,Other Tributaries to these Creeks-Valley Reaches,River / Stream,B8S012452935426
Riverside; San Bernardino,Prado Basin Management Zone,Bay / Estuary / Coastal,G8S011300000000
Riverside; San Bernardino,San Timoteo Creek Reach 2-Gage at San Timoteo Creek to Confluence with Yucaipa Creek,River / Stream,B8S0071510BC6DF
Riverside; San Bernardino,San Timoteo Creek Reach 3 - Confl. with Yucaipa Crk. to confl. with little San Gorgonio and Noble Crks. (Headwaters of San Timoteo Crk),River / Stream,B8S0071510BC6E3
Riverside; San Bernardino,Santa Ana River Reach 4 - Mission Blvd. in Riverside to San Jacinto Fault in San Bernardino,River / Stream,B8S0014510BC6BB
Riverside; San Bernardino,Yucaipa Creek,River / Stream,G8S007400000000
San Bernardino,Alder Creek (Mountain Reach),River / Stream,B8S0063525FE87B
San Bernardino,Alger Creek,River / Stream,G8S003100000000
San Bernardino,All other Tributaries to these Creeks,River / Stream,G8S004000000000
San Bernardino,Ames Canyon Creek (Mountain Reach),River / Stream,B8S0061525E6BC6
San Bernardino,Angalls Creek (Mountain Reach),River / Stream,B8S0070525FF5AE
San Bernardino,Bailey Canyon Creek (Mountain Reach),River / Stream,B8S0060525E6955
San Bernardino,Bailey Canyon Creek (Valley Reach),River / Stream,B8S0121525E6D28
San Bernardino,Baldwin Lake,Lake / Reservoir,G8S009200000000
San Bernardino,Barton Creek (Mountain Reach),River / Stream,B8S0059525E6950
San Bernardino,Bear Creek,River / Stream,G8S003600000000
San Bernardino,Big Bear Lake,Lake / Reservoir,G8S009300000000
San Bernardino,Birch Creek,River / Stream,G8S007200000000
San Bernardino,Bridal Veil Creek,River / Stream,G8S003500000000
San Bernardino,Cajon Canyon Creek (Mountain Reach),River / Stream,B8S0051525E6919
San Bernardino,Caribou Canyon Creek,River / Stream,G8S005000000000
San Bernardino,Chino Creek (Reg8),River / Stream,G8S007800000000
San Bernardino,Chino Creek Reach 2 - Beginning of concrete-lined channel south of Serranos Rd. to confl. with San Antonio Creek,River / Stream,B8S0078510BC6E9
San Bernardino,City Creek (Mountain Reach),River / Stream,B8S0052525E6946
San Bernardino,Coldwater Canyon Creek (Mountain Reach),River / Stream,B8S0065525E9342
San Bernardino,Cucamonga Creek Reach 2 - (Mountain Reach‡) - 23rd St. In Upland to headwaters,River / Stream,B8S0068510BC6DB
San Bernardino,Day Canyon Creek (Mountain Reach),River / Stream,B8S0066525E9344
San Bernardino,Deer Creek (Valley Reach),River / Stream,B8S0123525FF647
San Bernardino,Devil Canyon Creek (Mountain Reach),River / Stream,B8S0053525E6948
San Bernardino,East Etiwanda Creek (Mountain Reach),River / Stream,B8S0067525E9346
San Bernardino,East Twin Creek (Mountain Reach),River / Stream,B8S0054525E6949
San Bernardino,Erwin Lake,Lake / Reservoir,G8S009400000000
San Bernardino,Falls Creek,River / Stream,G8S003200000000
San Bernardino,Fish Creek (Mountain Reach),River / Stream,B8S0056525E694C
San Bernardino,Forsee Creek (Mountain Reach),River / Stream,B8S0057525E694D
San Bernardino,Gen Helen,Bay / Estuary / Coastal,G8S011500000000
San Bernardino,Grout Creek,River / Stream,G8S004300000000
San Bernardino,High Creek,River / Stream,G8S003400000000
San Bernardino,Jenks Lake,Lake / Reservoir,G8S009600000000
San Bernardino,Johnson Creek,River / Stream,G8S003900000000
San Bernardino,Knickerbocker Creek,River / Stream,G8S004700000000
San Bernardino,"Knickerbocker Creek Reach 1 - concrete channel, the Lake to Village Dr.",River / Stream,B8S0047510BC6CA
San Bernardino,"Knickerbocker Creek Reach 2 - natural channel, Village Dr. to headwater",River / Stream,B8S0047510BC6CB
San Bernardino,Meadow Creek,River / Stream,G8S004500000000
San Bernardino,Metcalf Creek,River / Stream,G8S004200000000
San Bernardino,Mill Creek Reach 1 - Confl. with Santa Ana River to Bridge Crossing Route 38 at Upper Powerhouse,River / Stream,B8S0027510BC6BE
San Bernardino,Mill Creek Reach 2 - Bridge Crossing Route 38 at Upper Powerhouse to Headwaters,River / Stream,B8S0027510BC907
San Bernardino,Mill/Cucamonga Creek Wetland,Bay / Estuary / Coastal,G8S014100000000
San Bernardino,Minnelusa Creek,River / Stream,G8S004800000000
San Bernardino,Monkeyface Creek,River / Stream,G8S003000000000
San Bernardino,Mountain Home Creek,River / Stream,G8S002800000000
San Bernardino,"Mountain Home Creek, East Fork",River / Stream,G8S002900000000
San Bernardino,North Creek,River / Stream,G8S004100000000
San Bernardino,Other Tributaries to these Creeks-Mountain Reaches,River / Stream,B8S012552935429
San Bernardino,Plunge Creek (Mountain Reach),River / Stream,B8S0058525E694F
San Bernardino,Rathbone (Rathbun) Creek,River / Stream,G8S004400000000
San Bernardino,San Antonio Canyon Creek,River / Stream,G4L028200000000
San Bernardino,San Antonio Creek (Mountain Reach),River / Stream,B8S0064525E9340
San Bernardino,San Antonio Dam and Reservoir,Lake / Reservoir,G4L028100000000
San Bernardino,San Timoteo Creek Reach 1A - Santa Ana River Confluence to Barton Road,River / Stream,B8S0071510BC6DD
San Bernardino,San Timoteo Creek Reach 1B - Barton Road to Gage at San Timoteo Canyon Rd.,River / Stream,B8S0071510BC6DE
San Bernardino,Santa Ana River Reach 5 - San Jacinto Fault in Bernardino to Seven Oaks Dam,River / Stream,B8S0014510BC6BC
San Bernardino,Santa Ana River Reach 6 - Seven Oaks Dam to Headwaters (see also Individual Tributary Streams),River / Stream,B8S0014510BC8EF
San Bernardino,Shay Creek,River / Stream,G8S004900000000
San Bernardino,Shay Meadows,Bay / Estuary / Coastal,G8S011100000000
San Bernardino,Siberia Creek,River / Stream,G8S003700000000
San Bernardino,Slide Creek,River / Stream,G8S003800000000
San Bernardino,Stanfield Marsh,Bay / Estuary / Coastal,G8S011200000000
San Bernardino,Summit Creek,River / Stream,G8S004600000000
San Bernardino,Vivian Creek,River / Stream,G8S003300000000
San Bernardino,Warm Creek,River / Stream,G8S013800000000
San Bernardino,Waterman Canyon Creek (Mountain Reach),River / Stream,B8S0055525E694B
